{"accuracy": [0.4276863932609558, 0.731040358543396, 0.8218329548835754, 0.8716086149215698, 0.8940397500991821, 0.9004486203193665, 0.9098483324050903, 0.921384334564209, 0.9309976696968079, 0.9241614937782288, 0.9346293807029724, 0.9470198750495911, 0.9517197012901306, 0.9538559913635254, 0.9510788321495056, 0.9532151222229004, 0.9540696144104004, 0.9617602825164795, 0.9549241662025452, 0.9660329222679138, 0.9636829495429993, 0.9585558772087097, 0.9613330364227295, 0.9532151222229004, 0.9626148343086243, 0.9598376154899597, 0.9683828353881836, 0.9720145463943481, 0.9690237045288086, 0.9720145463943481, 0.9700918793678284, 0.9671010375022888], "loss": [2.131582021713257, 0.903335452079773, 0.5854717493057251, 0.42450109124183655, 0.3626165986061096, 0.3025723099708557, 0.2857756018638611, 0.25049763917922974, 0.234638512134552, 0.24123458564281464, 0.2075674682855606, 0.1685844510793686, 0.16656993329524994, 0.16307400166988373, 0.16637301445007324, 0.162019282579422, 0.16725943982601166, 0.14022661745548248, 0.154714435338974, 0.12403739988803864, 0.12863467633724213, 0.13612240552902222, 0.130157470703125, 0.17660054564476013, 0.11992114782333374, 0.13023842871189117, 0.10528989881277084, 0.0885503962635994, 0.11486684530973434, 0.09694793820381165, 0.10759125649929047, 0.11525287479162216], "val_accuracy": [0.20243266224861145, 0.3049522042274475, 0.3874891400337219, 0.4413553476333618, 0.4752389192581177, 0.4952215552330017, 0.47002607583999634, 0.5212858319282532, 0.4509122371673584, 0.5456125140190125, 0.5473501086235046, 0.5890529751777649, 0.5899218320846558, 0.6229366064071655, 0.6385751366615295, 0.6246742010116577, 0.6194613575935364, 0.6350998878479004, 0.6880972981452942, 0.6272806525230408, 0.6446568369865417, 0.7089487314224243, 0.6159861087799072, 0.6524761319160461, 0.6637706160545349, 0.6959165930747986, 0.6698523163795471, 0.668983519077301, 0.6602953672409058, 0.6750651597976685, 0.6924413442611694, 0.6611642241477966], "val_loss": [5.828634738922119, 4.920803070068359, 3.8864850997924805, 3.287485122680664, 3.3490407466888428, 3.4966959953308105, 3.905717134475708, 3.407245397567749, 4.326440334320068, 3.3516242504119873, 3.3538553714752197, 3.141650438308716, 3.2945916652679443, 2.5813021659851074, 2.7067065238952637, 3.1016910076141357, 3.441523551940918, 3.0746796131134033, 2.231384754180908, 2.547422170639038, 2.838128089904785, 1.8998329639434814, 2.7660024166107178, 2.729372024536133, 2.639631509780884, 2.0402445793151855, 2.205965042114258, 2.5735924243927, 2.3806912899017334, 2.16907000541687, 2.3127896785736084, 2.412477493286133]}